id,name,detail,category,area_ha,VERSION,SOURCE,CATEG_ID,LEVEL_1,LEVEL_2,LEVEL_3,LEVEL_4,GEOCODE,NAME_STD
0000.16.0292,RESERVA DE DESENVOLVIMENTO SUSTENTÁVEL DO RIO IRATAPURU (0000.16.0292),Reserva de Desenvolvimento Sustentável,state_protected_area_sustainable_use,873570.56,1,"MMA, 2024",60,Brasil,state_protected_area_sustainable_use,RDS,RESERVA DE DESENVOLVIMENTO SUSTENTÁVEL DO RIO IRATAPURU (0000.16.0292),0000.16.0292,LEVEL_4
0000.00.0067,ESTAÇÃO ECOLÓGICA DO JARI (0000.00.0067),ESEC,federal_protected_area_integral_protection,231095.88,1,"MMA, 2024",60,Brasil,federal_protected_area_integral_protection,ESEC,ESTAÇÃO ECOLÓGICA DO JARI (0000.00.0067),0000.00.0067,LEVEL_4
0000.00.0273,RESERVA EXTRATIVISTA ARIÓCA PRUANÃ (0000.00.0273),RESEX,federal_protected_area_sustainable_use,83816.99,1,"MMA, 2024",60,Brasil,federal_protected_area_sustainable_use,RESEX,RESERVA EXTRATIVISTA ARIÓCA PRUANÃ (0000.00.0273),0000.00.0273,LEVEL_4
0000.00.0282,RESERVA EXTRATIVISTA TERRA GRANDE-PRACUÚBA (0000.00.0282),RESEX,federal_protected_area_sustainable_use,194863.88,1,"MMA, 2024",60,Brasil,federal_protected_area_sustainable_use,RESEX,RESERVA EXTRATIVISTA TERRA GRANDE-PRACUÚBA (0000.00.0282),0000.00.0282,LEVEL_4
0000.00.0211,RESERVA BIOLÓGICA DO TAPIRAPÉ (0000.00.0211),REBIO,federal_protected_area_integral_protection,99272.33,1,"MMA, 2024",60,Brasil,federal_protected_area_integral_protection,REBIO,RESERVA BIOLÓGICA DO TAPIRAPÉ (0000.00.0211),0000.00.0211,LEVEL_4
0080.15.1960,AREA DE RELEVANTE INTERESSE ECOLOGICO PARQUE AMBIENTAL ANTONIO DANUBIO LOURENÇO DA SILVA (0080.15.1960),Área de Relevante Interesse Ecológico,municipality_protected_area_sustainable_use,3.75,1,"MMA, 2024",60,Brasil,municipality_protected_area_sustainable_use,ARIE,AREA DE RELEVANTE INTERESSE ECOLOGICO PARQUE AMBIENTAL ANTONIO DANUBIO LOURENÇO DA SILVA (0080.15.1960),0080.15.1960,LEVEL_4
0080.15.2663,AREA DE RELEVANTE INTERESSE ECOLOGICO MUSEU PARQUE SERINGAL (0080.15.2663),Área de Relevante Interesse Ecológico,municipality_protected_area_sustainable_use,1.23,1,"MMA, 2024",60,Brasil,municipality_protected_area_sustainable_use,ARIE,AREA DE RELEVANTE INTERESSE ECOLOGICO MUSEU PARQUE SERINGAL (0080.15.2663),0080.15.2663,LEVEL_4
0000.00.0047,ESTAÇÃO ECOLÓGICA DA TERRA DO MEIO (0000.00.0047),ESEC,federal_protected_area_integral_protection,3373151.82,1,"MMA, 2024",60,Brasil,federal_protected_area_integral_protection,ESEC,ESTAÇÃO ECOLÓGICA DA TERRA DO MEIO (0000.00.0047),0000.00.0047,LEVEL_4
0000.00.0022,ÁREA DE PROTEÇÃO AMBIENTAL DO IGARAPÉ GELADO (0000.00.0022),APA,federal_protected_area_sustainable_use,23283.81,1,"MMA, 2024",60,Brasil,federal_protected_area_sustainable_use,APA,ÁREA DE PROTEÇÃO AMBIENTAL DO IGARAPÉ GELADO (0000.00.0022),0000.00.0022,LEVEL_4
0000.00.0124,FLORESTA NACIONAL DO TAPIRAPÉAQUIRI (0000.00.0124),FLONA,federal_protected_area_sustainable_use,196505.09,1,"MMA, 2024",60,Brasil,federal_protected_area_sustainable_use,FLONA,FLORESTA NACIONAL DO TAPIRAPÉAQUIRI (0000.00.0124),0000.00.0124,LEVEL_4
0000.00.0260,RESERVA EXTRATIVISTA VERDE PARA SEMPRE (0000.00.0260),RESEX,federal_protected_area_sustainable_use,1289338.17,1,"MMA, 2024",60,Brasil,federal_protected_area_sustainable_use,RESEX,RESERVA EXTRATIVISTA VERDE PARA SEMPRE (0000.00.0260),0000.00.0260,LEVEL_4
0000.00.0109,FLORESTA NACIONAL DE SARACÁ-TAQUERA (0000.00.0109),FLONA,federal_protected_area_sustainable_use,441284.88,1,"MMA, 2024",60,Brasil,federal_protected_area_sustainable_use,FLONA,FLORESTA NACIONAL DE SARACÁ-TAQUERA (0000.00.0109),0000.00.0109,LEVEL_4
0000.00.0250,RESERVA EXTRATIVISTA MARINHA DE TRACUATEUA (0000.00.0250),RESEX,federal_protected_area_sustainable_use,27864.3,1,"MMA, 2024",60,Brasil,federal_protected_area_sustainable_use,RESEX,RESERVA EXTRATIVISTA MARINHA DE TRACUATEUA (0000.00.0250),0000.00.0250,LEVEL_4
0000.00.0249,RESERVA EXTRATIVISTA MARINHA DE GURUPI-PIRIÁ (0000.00.0249),RESEX,federal_protected_area_sustainable_use,72789.33,1,"MMA, 2024",60,Brasil,federal_protected_area_sustainable_use,RESEX,RESERVA EXTRATIVISTA MARINHA DE GURUPI-PIRIÁ (0000.00.0249),0000.00.0249,LEVEL_4
0000.00.0227,RESERVA EXTRATIVISTA MARACANÃ (0000.00.0227),RESEX,federal_protected_area_sustainable_use,30179.47,1,"MMA, 2024",60,Brasil,federal_protected_area_sustainable_use,RESEX,RESERVA EXTRATIVISTA MARACANÃ (0000.00.0227),0000.00.0227,LEVEL_4
0000.00.3133,RESERVA EXTRATIVISTA MARINHA MESTRE LUCINDO (0000.00.3133),RESEX,federal_protected_area_sustainable_use,26465.07,1,"MMA, 2024",60,Brasil,federal_protected_area_sustainable_use,RESEX,RESERVA EXTRATIVISTA MARINHA MESTRE LUCINDO (0000.00.3133),0000.00.3133,LEVEL_4
0000.00.3134,RESERVA EXTRATIVISTA MARINHA CUINARANA (0000.00.3134),RESEX,federal_protected_area_sustainable_use,11036.34,1,"MMA, 2024",60,Brasil,federal_protected_area_sustainable_use,RESEX,RESERVA EXTRATIVISTA MARINHA CUINARANA (0000.00.3134),0000.00.3134,LEVEL_4
0000.15.3481,RESERVA DE DESENVOLVIMENTO SUSTENTÁVEL CAMPO DAS MANGABAS (0000.15.3481),Reserva de Desenvolvimento Sustentável,state_protected_area_sustainable_use,7053.75,1,"MMA, 2024",60,Brasil,state_protected_area_sustainable_use,RDS,RESERVA DE DESENVOLVIMENTO SUSTENTÁVEL CAMPO DAS MANGABAS (0000.15.3481),0000.15.3481,LEVEL_4
0000.15.3479,REFÚGIO DE VIDA SILVESTRE PADRE SÉRGIO TONETTO (0000.15.3479),Refúgio de Vida Silvestre,state_protected_area_integral_protection,338.88,1,"MMA, 2024",60,Brasil,state_protected_area_integral_protection,REVIS,REFÚGIO DE VIDA SILVESTRE PADRE SÉRGIO TONETTO (0000.15.3479),0000.15.3479,LEVEL_4
0000.00.0228,RESERVA EXTRATIVISTA DE SÃO JOÃO DA PONTA (0000.00.0228),RESEX,federal_protected_area_sustainable_use,3409.47,1,"MMA, 2024",60,Brasil,federal_protected_area_sustainable_use,RESEX,RESERVA EXTRATIVISTA DE SÃO JOÃO DA PONTA (0000.00.0228),0000.00.0228,LEVEL_4
0000.00.0243,RESERVA EXTRATIVISTA MÃE GRANDE DE CURUÇÁ (0000.00.0243),RESEX,federal_protected_area_sustainable_use,36678.63,1,"MMA, 2024",60,Brasil,federal_protected_area_sustainable_use,RESEX,RESERVA EXTRATIVISTA MÃE GRANDE DE CURUÇÁ (0000.00.0243),0000.00.0243,LEVEL_4
0000.00.3132,RESERVA EXTRATIVISTA MARINHA MOCAPAJUBA (0000.00.3132),RESEX,federal_protected_area_sustainable_use,21027.78,1,"MMA, 2024",60,Brasil,federal_protected_area_sustainable_use,RESEX,RESERVA EXTRATIVISTA MARINHA MOCAPAJUBA (0000.00.3132),0000.00.3132,LEVEL_4
0000.00.0288,RESERVA EXTRATIVISTA GURUPÁ-MELGAÇO (0000.00.0288),RESEX,federal_protected_area_sustainable_use,145567.23,1,"MMA, 2024",60,Brasil,federal_protected_area_sustainable_use,RESEX,RESERVA EXTRATIVISTA GURUPÁ-MELGAÇO (0000.00.0288),0000.00.0288,LEVEL_4
0000.00.0241,RESERVA EXTRATIVISTA IPAÚ-ANILZINHO (0000.00.0241),RESEX,federal_protected_area_sustainable_use,55834.56,1,"MMA, 2024",60,Brasil,federal_protected_area_sustainable_use,RESEX,RESERVA EXTRATIVISTA IPAÚ-ANILZINHO (0000.00.0241),0000.00.0241,LEVEL_4
0000.00.0218,RESERVA DE DESENVOLVIMENTO DE SUSTENTÁVEL DE  ITATUPÃ-BAQUIÁ (0000.00.0218),RDS,federal_protected_area_sustainable_use,64441.69,1,"MMA, 2024",60,Brasil,federal_protected_area_sustainable_use,RDS,RESERVA DE DESENVOLVIMENTO DE SUSTENTÁVEL DE  ITATUPÃ-BAQUIÁ (0000.00.0218),0000.00.0218,LEVEL_4
0000.00.0210,RESERVA BIOLÓGICA DO RIO TROMBETAS (0000.00.0210),REBIO,federal_protected_area_integral_protection,407756.36,1,"MMA, 2024",60,Brasil,federal_protected_area_integral_protection,REBIO,RESERVA BIOLÓGICA DO RIO TROMBETAS (0000.00.0210),0000.00.0210,LEVEL_4
0000.00.0265,FLORESTA NACIONAL DO TRAIRÃO (0000.00.0265),FLONA,federal_protected_area_sustainable_use,257527.61,1,"MMA, 2024",60,Brasil,federal_protected_area_sustainable_use,FLONA,FLORESTA NACIONAL DO TRAIRÃO (0000.00.0265),0000.00.0265,LEVEL_4
0000.00.0151,PARQUE NACIONAL DA SERRA DO PARDO (0000.00.0151),PARNA,federal_protected_area_integral_protection,445410.41,1,"MMA, 2024",60,Brasil,federal_protected_area_integral_protection,PARNA,PARQUE NACIONAL DA SERRA DO PARDO (0000.00.0151),0000.00.0151,LEVEL_4
0000.00.0216,RESERVA BIOLÓGICA NASCENTES DA SERRA DO CACHIMBO (0000.00.0216),REBIO,federal_protected_area_integral_protection,342195.19,1,"MMA, 2024",60,Brasil,federal_protected_area_integral_protection,REBIO,RESERVA BIOLÓGICA NASCENTES DA SERRA DO CACHIMBO (0000.00.0216),0000.00.0216,LEVEL_4
0000.00.0244,RESERVA EXTRATIVISTA MAPUÁ (0000.00.0244),RESEX,federal_protected_area_sustainable_use,93752.81,1,"MMA, 2024",60,Brasil,federal_protected_area_sustainable_use,RESEX,RESERVA EXTRATIVISTA MAPUÁ (0000.00.0244),0000.00.0244,LEVEL_4
0215.15.3163,PARQUE NATURAL MUNICIPAL VEREDAS DOS CARAJÁS (0215.15.3163),Parque,municipality_protected_area_integral_protection,831.27,1,"MMA, 2024",60,Brasil,municipality_protected_area_integral_protection,Parque,PARQUE NATURAL MUNICIPAL VEREDAS DOS CARAJÁS (0215.15.3163),0215.15.3163,LEVEL_4
0000.00.1635,RESERVA EXTRATIVISTA RIO XINGU (0000.00.1635),RESEX,federal_protected_area_sustainable_use,303003.23,1,"MMA, 2024",60,Brasil,federal_protected_area_sustainable_use,RESEX,RESERVA EXTRATIVISTA RIO XINGU (0000.00.1635),0000.00.1635,LEVEL_4
0000.00.0280,RESERVA EXTRATIVISTA RIO IRIRI (0000.00.0280),RESEX,federal_protected_area_sustainable_use,398989.34,1,"MMA, 2024",60,Brasil,federal_protected_area_sustainable_use,RESEX,RESERVA EXTRATIVISTA RIO IRIRI (0000.00.0280),0000.00.0280,LEVEL_4
0000.00.0187,PARQUE NACIONAL MONTANHAS DO TUMUCUMAQUE (0000.00.0187),PARNA,federal_protected_area_integral_protection,3865155.29,1,"MMA, 2024",60,Brasil,federal_protected_area_integral_protection,PARNA,PARQUE NACIONAL MONTANHAS DO TUMUCUMAQUE (0000.00.0187),0000.00.0187,LEVEL_4
0000.00.0089,FLORESTA NACIONAL DE CAXIUANÃ (0000.00.0089),FLONA,federal_protected_area_sustainable_use,317947.37,1,"MMA, 2024",60,Brasil,federal_protected_area_sustainable_use,FLONA,FLORESTA NACIONAL DE CAXIUANÃ (0000.00.0089),0000.00.0089,LEVEL_4
0000.00.0104,FLORESTA NACIONAL DE PAU-ROSA (0000.00.0104),FLONA,federal_protected_area_sustainable_use,986457.38,1,"MMA, 2024",60,Brasil,federal_protected_area_sustainable_use,FLONA,FLORESTA NACIONAL DE PAU-ROSA (0000.00.0104),0000.00.0104,LEVEL_4
0000.00.0248,RESERVA EXTRATIVISTA MARINHA DE CAETÉ-TAPERAÇU (0000.00.0248),RESEX,federal_protected_area_sustainable_use,42489.51,1,"MMA, 2024",60,Brasil,federal_protected_area_sustainable_use,RESEX,RESERVA EXTRATIVISTA MARINHA DE CAETÉ-TAPERAÇU (0000.00.0248),0000.00.0248,LEVEL_4
0000.00.0247,RESERVA EXTRATIVISTA MARINHA DE ARAÍ-PEROBA (0000.00.0247),RESEX,federal_protected_area_sustainable_use,62577.83,1,"MMA, 2024",60,Brasil,federal_protected_area_sustainable_use,RESEX,RESERVA EXTRATIVISTA MARINHA DE ARAÍ-PEROBA (0000.00.0247),0000.00.0247,LEVEL_4
0000.00.0254,RESERVA EXTRATIVISTA MARINHA DE SOURE (0000.00.0254),RESEX,federal_protected_area_sustainable_use,29578.58,1,"MMA, 2024",60,Brasil,federal_protected_area_sustainable_use,RESEX,RESERVA EXTRATIVISTA MARINHA DE SOURE (0000.00.0254),0000.00.0254,LEVEL_4
0000.00.0259,RESERVA EXTRATIVISTA TAPAJÓS-ARAPIUNS (0000.00.0259),RESEX,federal_protected_area_sustainable_use,677405.47,1,"MMA, 2024",60,Brasil,federal_protected_area_sustainable_use,RESEX,RESERVA EXTRATIVISTA TAPAJÓS-ARAPIUNS (0000.00.0259),0000.00.0259,LEVEL_4
0000.00.0083,FLORESTA NACIONAL DE ALTAMIRA (0000.00.0083),FLONA,federal_protected_area_sustainable_use,725247.42,1,"MMA, 2024",60,Brasil,federal_protected_area_sustainable_use,FLONA,FLORESTA NACIONAL DE ALTAMIRA (0000.00.0083),0000.00.0083,LEVEL_4
0000.00.0270,FLORESTA NACIONAL DO CREPORI (0000.00.0270),FLONA,federal_protected_area_sustainable_use,740391.12,1,"MMA, 2024",60,Brasil,federal_protected_area_sustainable_use,FLONA,FLORESTA NACIONAL DO CREPORI (0000.00.0270),0000.00.0270,LEVEL_4
0000.00.1810,RESERVA EXTRATIVISTA RENASCER (0000.00.1810),RESEX,federal_protected_area_sustainable_use,209661.89,1,"MMA, 2024",60,Brasil,federal_protected_area_sustainable_use,RESEX,RESERVA EXTRATIVISTA RENASCER (0000.00.1810),0000.00.1810,LEVEL_4
0000.00.0088,FLORESTA NACIONAL DE CARAJÁS (0000.00.0088),FLONA,federal_protected_area_sustainable_use,391261.66,1,"MMA, 2024",60,Brasil,federal_protected_area_sustainable_use,FLONA,FLORESTA NACIONAL DE CARAJÁS (0000.00.0088),0000.00.0088,LEVEL_4
0000.00.3408,FLORESTA NACIONAL DE URUPADI (0000.00.3408),FLONA,federal_protected_area_sustainable_use,538028.3,1,"MMA, 2024",60,Brasil,federal_protected_area_sustainable_use,FLONA,FLORESTA NACIONAL DE URUPADI (0000.00.3408),0000.00.3408,LEVEL_4
0000.00.0271,FLORESTA NACIONAL DO AMANA (0000.00.0271),FLONA,federal_protected_area_sustainable_use,682611.63,1,"MMA, 2024",60,Brasil,federal_protected_area_sustainable_use,FLONA,FLORESTA NACIONAL DO AMANA (0000.00.0271),0000.00.0271,LEVEL_4
0000.00.0266,FLORESTA NACIONAL DO JAMANXIM (0000.00.0266),FLONA,federal_protected_area_sustainable_use,1301596.59,1,"MMA, 2024",60,Brasil,federal_protected_area_sustainable_use,FLONA,FLORESTA NACIONAL DO JAMANXIM (0000.00.0266),0000.00.0266,LEVEL_4
0000.00.0264,PARQUE NACIONAL DO RIO NOVO (0000.00.0264),PARNA,federal_protected_area_integral_protection,538124.61,1,"MMA, 2024",60,Brasil,federal_protected_area_integral_protection,PARNA,PARQUE NACIONAL DO RIO NOVO (0000.00.0264),0000.00.0264,LEVEL_4
0000.00.0267,PARQUE NACIONAL DO JAMANXIM (0000.00.0267),PARNA,federal_protected_area_integral_protection,862889.64,1,"MMA, 2024",60,Brasil,federal_protected_area_integral_protection,PARNA,PARQUE NACIONAL DO JAMANXIM (0000.00.0267),0000.00.0267,LEVEL_4
0000.00.0258,RESERVA EXTRATIVISTA RIOZINHO DO ANFRÍSIO (0000.00.0258),RESEX,federal_protected_area_sustainable_use,737056.51,1,"MMA, 2024",60,Brasil,federal_protected_area_sustainable_use,RESEX,RESERVA EXTRATIVISTA RIOZINHO DO ANFRÍSIO (0000.00.0258),0000.00.0258,LEVEL_4
0000.00.0096,FLORESTA NACIONAL DE ITAITUBA II (0000.00.0096),FLONA,federal_protected_area_sustainable_use,397752.92,1,"MMA, 2024",60,Brasil,federal_protected_area_sustainable_use,FLONA,FLORESTA NACIONAL DE ITAITUBA II (0000.00.0096),0000.00.0096,LEVEL_4
0000.00.0268,ÁREA DE PROTEÇÃO AMBIENTAL DO TAPAJÓS (0000.00.0268),APA,federal_protected_area_sustainable_use,2040334.72,1,"MMA, 2024",60,Brasil,federal_protected_area_sustainable_use,APA,ÁREA DE PROTEÇÃO AMBIENTAL DO TAPAJÓS (0000.00.0268),0000.00.0268,LEVEL_4
0000.00.0117,FLORESTA NACIONAL DO ITACAIUNAS (0000.00.0117),FLONA,federal_protected_area_sustainable_use,139813.9,1,"MMA, 2024",60,Brasil,federal_protected_area_sustainable_use,FLONA,FLORESTA NACIONAL DO ITACAIUNAS (0000.00.0117),0000.00.0117,LEVEL_4
0000.00.0099,FLORESTA NACIONAL DE MULATA (0000.00.0099),FLONA,federal_protected_area_sustainable_use,215669.17,1,"MMA, 2024",60,Brasil,federal_protected_area_sustainable_use,FLONA,FLORESTA NACIONAL DE MULATA (0000.00.0099),0000.00.0099,LEVEL_4
0000.00.0136,PARQUE NACIONAL DA AMAZÔNIA (0000.00.0136),PARNA,federal_protected_area_integral_protection,1066250.81,1,"MMA, 2024",60,Brasil,federal_protected_area_integral_protection,PARNA,PARQUE NACIONAL DA AMAZÔNIA (0000.00.0136),0000.00.0136,LEVEL_4
0000.00.0095,FLORESTA NACIONAL DE ITAITUBA I (0000.00.0095),FLONA,federal_protected_area_sustainable_use,213094.21,1,"MMA, 2024",60,Brasil,federal_protected_area_sustainable_use,FLONA,FLORESTA NACIONAL DE ITAITUBA I (0000.00.0095),0000.00.0095,LEVEL_4
0000.00.0123,FLORESTA NACIONAL DO TAPAJÓS (0000.00.0123),FLONA,federal_protected_area_sustainable_use,525055.66,1,"MMA, 2024",60,Brasil,federal_protected_area_sustainable_use,FLONA,FLORESTA NACIONAL DO TAPAJÓS (0000.00.0123),0000.00.0123,LEVEL_4
0000.00.0207,RESERVA BIOLÓGICA DO GURUPI (0000.00.0207),REBIO,federal_protected_area_integral_protection,271469.96,1,"MMA, 2024",60,Brasil,federal_protected_area_integral_protection,REBIO,RESERVA BIOLÓGICA DO GURUPI (0000.00.0207),0000.00.0207,LEVEL_4
0000.00.0223,RESERVA EXTRATIVISTA CHOCOARÉ-MATO GROSSO (0000.00.0223),RESEX,federal_protected_area_sustainable_use,4617.83,1,"MMA, 2024",60,Brasil,federal_protected_area_sustainable_use,RESEX,RESERVA EXTRATIVISTA CHOCOARÉ-MATO GROSSO (0000.00.0223),0000.00.0223,LEVEL_4
0000.00.3519,PARQUE NACIONAL DOS CAMPOS FERRUGINOSOS (0000.00.3519),PARNA,federal_protected_area_integral_protection,78869.34,1,"MMA, 2024",60,Brasil,federal_protected_area_integral_protection,PARNA,PARQUE NACIONAL DOS CAMPOS FERRUGINOSOS (0000.00.3519),0000.00.3519,LEVEL_4
0000.17.1493,ÁREA DE PROTEÇÃO AMBIENTAL LAGO DE SANTA ISABEL (0000.17.1493),Área de Proteção Ambiental,state_protected_area_sustainable_use,18585.57,1,"MMA, 2024",60,Brasil,state_protected_area_sustainable_use,APA,ÁREA DE PROTEÇÃO AMBIENTAL LAGO DE SANTA ISABEL (0000.17.1493),0000.17.1493,LEVEL_4
0000.15.1021,PARQUE ESTADUAL DA SERRA DOS MARTÍRIOS/ANDORINHAS (0000.15.1021),Parque,state_protected_area_integral_protection,25031.8,1,"MMA, 2024",60,Brasil,state_protected_area_integral_protection,Parque,PARQUE ESTADUAL DA SERRA DOS MARTÍRIOS/ANDORINHAS (0000.15.1021),0000.15.1021,LEVEL_4
0000.15.1026,ÁREA DE PROTEÇÃO AMBIENTAL DE SÃO GERALDO DO ARAGUAIA (0000.15.1026),Área de Proteção Ambiental,state_protected_area_sustainable_use,26703.43,1,"MMA, 2024",60,Brasil,state_protected_area_sustainable_use,APA,ÁREA DE PROTEÇÃO AMBIENTAL DE SÃO GERALDO DO ARAGUAIA (0000.15.1026),0000.15.1026,LEVEL_4
0000.13.0997,ÁREA DE PROTEÇÃO AMBIENTAL NHAMUNDÁ (0000.13.0997),Área de Proteção Ambiental,state_protected_area_sustainable_use,201597.95,1,"MMA, 2024",60,Brasil,state_protected_area_sustainable_use,APA,ÁREA DE PROTEÇÃO AMBIENTAL NHAMUNDÁ (0000.13.0997),0000.13.0997,LEVEL_4
0000.15.1022,PARQUE ESTADUAL DO UTINGA (0000.15.1022),Parque,state_protected_area_integral_protection,1397.68,1,"MMA, 2024",60,Brasil,state_protected_area_integral_protection,Parque,PARQUE ESTADUAL DO UTINGA (0000.15.1022),0000.15.1022,LEVEL_4
0000.15.1025,ÁREA DE PROTEÇÃO AMBIENTAL DA REGIÃO METROLPOLITANA DE BELÉM (0000.15.1025),Área de Proteção Ambiental,state_protected_area_sustainable_use,5646.63,1,"MMA, 2024",60,Brasil,state_protected_area_sustainable_use,APA,ÁREA DE PROTEÇÃO AMBIENTAL DA REGIÃO METROLPOLITANA DE BELÉM (0000.15.1025),0000.15.1025,LEVEL_4
0000.15.1027,ÁREA DE PROTEÇÃO AMBIENTAL DA ILHA DO COMBU (0000.15.1027),Área de Proteção Ambiental,state_protected_area_sustainable_use,1502.67,1,"MMA, 2024",60,Brasil,state_protected_area_sustainable_use,APA,ÁREA DE PROTEÇÃO AMBIENTAL DA ILHA DO COMBU (0000.15.1027),0000.15.1027,LEVEL_4
0000.15.1881,REFÚGIO DE VIDA SILVESTRE METRÓPOLE DA AMAZÔNIA (0000.15.1881),Refúgio de Vida Silvestre,state_protected_area_integral_protection,6369.26,1,"MMA, 2024",60,Brasil,state_protected_area_integral_protection,REVIS,REFÚGIO DE VIDA SILVESTRE METRÓPOLE DA AMAZÔNIA (0000.15.1881),0000.15.1881,LEVEL_4
0000.15.1023,ÁREA DE PROTEÇÃO AMBIENTAL DO ARQUIPÉLAGO DO MARAJÓ (0000.15.1023),Área de Proteção Ambiental,state_protected_area_sustainable_use,4524811.23,1,"MMA, 2024",60,Brasil,state_protected_area_sustainable_use,APA,ÁREA DE PROTEÇÃO AMBIENTAL DO ARQUIPÉLAGO DO MARAJÓ (0000.15.1023),0000.15.1023,LEVEL_4
0000.15.1024,ÁREA DE PROTEÇÃO AMBIENTAL DE ALGODOAL-MAIANDEUA (0000.15.1024),Área de Proteção Ambiental,state_protected_area_sustainable_use,3109.74,1,"MMA, 2024",60,Brasil,state_protected_area_sustainable_use,APA,ÁREA DE PROTEÇÃO AMBIENTAL DE ALGODOAL-MAIANDEUA (0000.15.1024),0000.15.1024,LEVEL_4
0000.15.1028,ÁREA DE PROTEÇÃO AMBIENTAL PAYTUNA (0000.15.1028),Área de Proteção Ambiental,state_protected_area_sustainable_use,57418.08,1,"MMA, 2024",60,Brasil,state_protected_area_sustainable_use,APA,ÁREA DE PROTEÇÃO AMBIENTAL PAYTUNA (0000.15.1028),0000.15.1028,LEVEL_4
0000.15.1032,PARQUE ESTADUAL DE MONTE ALEGRE (0000.15.1032),Parque,state_protected_area_integral_protection,3615.4,1,"MMA, 2024",60,Brasil,state_protected_area_integral_protection,Parque,PARQUE ESTADUAL DE MONTE ALEGRE (0000.15.1032),0000.15.1032,LEVEL_4
0000.15.1029,ÁREA DE PROTEÇÃO AMBIENTAL DO LAGO DE TUCURUI (0000.15.1029),Área de Proteção Ambiental,state_protected_area_sustainable_use,568216.74,1,"MMA, 2024",60,Brasil,state_protected_area_sustainable_use,APA,ÁREA DE PROTEÇÃO AMBIENTAL DO LAGO DE TUCURUI (0000.15.1029),0000.15.1029,LEVEL_4
0000.15.1030,RESERVA DE DESENVOLVIMENTO SUSTENTÁVEL ALCOBAÇA (0000.15.1030),Reserva de Desenvolvimento Sustentável,state_protected_area_sustainable_use,22461.57,1,"MMA, 2024",60,Brasil,state_protected_area_sustainable_use,RDS,RESERVA DE DESENVOLVIMENTO SUSTENTÁVEL ALCOBAÇA (0000.15.1030),0000.15.1030,LEVEL_4
0000.15.1031,RESERVA DE DESENVOLVIMENTO SUSTENTÁVEL PUCURUÍ - ARARÃO (0000.15.1031),Reserva de Desenvolvimento Sustentável,state_protected_area_sustainable_use,29166.47,1,"MMA, 2024",60,Brasil,state_protected_area_sustainable_use,RDS,RESERVA DE DESENVOLVIMENTO SUSTENTÁVEL PUCURUÍ - ARARÃO (0000.15.1031),0000.15.1031,LEVEL_4
0000.15.1033,RESERVA BIOLÓGICA DE MAICURU (0000.15.1033),Reserva Biológica,state_protected_area_integral_protection,1173227.96,1,"MMA, 2024",60,Brasil,state_protected_area_integral_protection,REBIO,RESERVA BIOLÓGICA DE MAICURU (0000.15.1033),0000.15.1033,LEVEL_4
0000.15.1034,ESTAÇÃO ECOLÓGICA DO GRÃO PARÁ (0000.15.1034),Estação Ecológica,state_protected_area_integral_protection,4203649.17,1,"MMA, 2024",60,Brasil,state_protected_area_integral_protection,ESEC,ESTAÇÃO ECOLÓGICA DO GRÃO PARÁ (0000.15.1034),0000.15.1034,LEVEL_4
0000.15.1035,FLORESTA ESTADUAL DE FARO (0000.15.1035),Floresta,state_protected_area_sustainable_use,614010.95,1,"MMA, 2024",60,Brasil,state_protected_area_sustainable_use,Floresta,FLORESTA ESTADUAL DE FARO (0000.15.1035),0000.15.1035,LEVEL_4
0000.15.1036,FLORESTA ESTADUAL DE IRIRI (0000.15.1036),Floresta,state_protected_area_sustainable_use,439241.15,1,"MMA, 2024",60,Brasil,state_protected_area_sustainable_use,Floresta,FLORESTA ESTADUAL DE IRIRI (0000.15.1036),0000.15.1036,LEVEL_4
0000.15.1037,FLORESTA ESTADUAL DO TROMBETAS (0000.15.1037),Floresta,state_protected_area_sustainable_use,3143571.0,1,"MMA, 2024",60,Brasil,state_protected_area_sustainable_use,Floresta,FLORESTA ESTADUAL DO TROMBETAS (0000.15.1037),0000.15.1037,LEVEL_4
0000.15.1038,FLORESTA ESTADUAL DO PARU (0000.15.1038),Floresta,state_protected_area_sustainable_use,3610110.83,1,"MMA, 2024",60,Brasil,state_protected_area_sustainable_use,Floresta,FLORESTA ESTADUAL DO PARU (0000.15.1038),0000.15.1038,LEVEL_4
0000.15.1039,ÁREA DE PROTEÇÃO AMBIENTAL TRIUNFO DO XINGU (0000.15.1039),Área de Proteção Ambiental,state_protected_area_sustainable_use,1679643.8,1,"MMA, 2024",60,Brasil,state_protected_area_sustainable_use,APA,ÁREA DE PROTEÇÃO AMBIENTAL TRIUNFO DO XINGU (0000.15.1039),0000.15.1039,LEVEL_4
0000.17.1487,PARQUE ESTADUAL DO CANTÃO (0000.17.1487),Parque,state_protected_area_integral_protection,100413.61,1,"MMA, 2024",60,Brasil,state_protected_area_integral_protection,Parque,PARQUE ESTADUAL DO CANTÃO (0000.17.1487),0000.17.1487,LEVEL_4
0000.17.1501,ÁREA DE PROTEÇÃO AMBIENTAL ILHA DO BANANAL/CANTÃO (0000.17.1501),Área de Proteção Ambiental,state_protected_area_sustainable_use,1570014.71,1,"MMA, 2024",60,Brasil,state_protected_area_sustainable_use,APA,ÁREA DE PROTEÇÃO AMBIENTAL ILHA DO BANANAL/CANTÃO (0000.17.1501),0000.17.1501,LEVEL_4
0000.21.1885,ÁREA DE PROTEÇÃO AMBIENTAL DAS REENTRÂNCIAS MARANHENSES (0000.21.1885),Área de Proteção Ambiental,state_protected_area_sustainable_use,2631035.66,1,"MMA, 2024",60,Brasil,state_protected_area_sustainable_use,APA,ÁREA DE PROTEÇÃO AMBIENTAL DAS REENTRÂNCIAS MARANHENSES (0000.21.1885),0000.21.1885,LEVEL_4
0000.51.1901,PARQUE ESTADUAL CRISTALINO (0000.51.1901),Parque,state_protected_area_integral_protection,59009.79,1,"MMA, 2024",60,Brasil,state_protected_area_integral_protection,Parque,PARQUE ESTADUAL CRISTALINO (0000.51.1901),0000.51.1901,LEVEL_4
0000.15.2042,PARQUE ESTADUAL CHARAPUCU (0000.15.2042),Parque,state_protected_area_integral_protection,65348.94,1,"MMA, 2024",60,Brasil,state_protected_area_integral_protection,Parque,PARQUE ESTADUAL CHARAPUCU (0000.15.2042),0000.15.2042,LEVEL_4
0613.15.4050,PARQUE NATURAL MUNICIPAL DE REDENÇÃO (0613.15.4050),Parque,municipality_protected_area_integral_protection,16.43,1,"MMA, 2024",60,Brasil,municipality_protected_area_integral_protection,Parque,PARQUE NATURAL MUNICIPAL DE REDENÇÃO (0613.15.4050),0613.15.4050,LEVEL_4
0390.15.3461,REFÚGIO DE VIDA SILVESTRE LAGO MOLE (0390.15.3461),Refúgio de Vida Silvestre,municipality_protected_area_integral_protection,652.95,1,"MMA, 2024",60,Brasil,municipality_protected_area_integral_protection,REVIS,REFÚGIO DE VIDA SILVESTRE LAGO MOLE (0390.15.3461),0390.15.3461,LEVEL_4
0680.15.3564,ÁREA DE PROTEÇÃO AMBIENTAL DE ALTER DO CHÃO (0680.15.3564),Área de Proteção Ambiental,municipality_protected_area_sustainable_use,16121.46,1,"MMA, 2024",60,Brasil,municipality_protected_area_sustainable_use,APA,ÁREA DE PROTEÇÃO AMBIENTAL DE ALTER DO CHÃO (0680.15.3564),0680.15.3564,LEVEL_4
0000.15.3478,REFÚGIO DE VIDA SILVESTRE TABULEIRO DO EMBAUBAL (0000.15.3478),Refúgio de Vida Silvestre,state_protected_area_integral_protection,4035.89,1,"MMA, 2024",60,Brasil,state_protected_area_integral_protection,REVIS,REFÚGIO DE VIDA SILVESTRE TABULEIRO DO EMBAUBAL (0000.15.3478),0000.15.3478,LEVEL_4
0000.15.3480,RESERVA DE DESENVOLVIMENTO SUSTENTÁVEL VITÓRIA DE SOUZEL (0000.15.3480),Reserva de Desenvolvimento Sustentável,state_protected_area_sustainable_use,22968.74,1,"MMA, 2024",60,Brasil,state_protected_area_sustainable_use,RDS,RESERVA DE DESENVOLVIMENTO SUSTENTÁVEL VITÓRIA DE SOUZEL (0000.15.3480),0000.15.3480,LEVEL_4
0680.15.3566,ÁREA DE PROTEÇÃO AMBIENTAL DA SERRA DO SAUBAL (0680.15.3566),Área de Proteção Ambiental,municipality_protected_area_sustainable_use,167.34,1,"MMA, 2024",60,Brasil,municipality_protected_area_sustainable_use,APA,ÁREA DE PROTEÇÃO AMBIENTAL DA SERRA DO SAUBAL (0680.15.3566),0680.15.3566,LEVEL_4
0680.15.3573,ÁREA DE PROTEÇÃO AMBIENTAL DO JUÁ (0680.15.3573),Área de Proteção Ambiental,municipality_protected_area_sustainable_use,126.35,1,"MMA, 2024",60,Brasil,municipality_protected_area_sustainable_use,APA,ÁREA DE PROTEÇÃO AMBIENTAL DO JUÁ (0680.15.3573),0680.15.3573,LEVEL_4
0240.15.3739,PARQUE NATURAL MUNICIPAL DE CASTANHAL/PARÁ (0240.15.3739),Parque,municipality_protected_area_integral_protection,15.36,1,"MMA, 2024",60,Brasil,municipality_protected_area_integral_protection,Parque,PARQUE NATURAL MUNICIPAL DE CASTANHAL/PARÁ (0240.15.3739),0240.15.3739,LEVEL_4
0000.15.3828,MONUMENTO NATURAL ATALAIA (0000.15.3828),Monumento Natural,state_protected_area_integral_protection,256.38,1,"MMA, 2024",60,Brasil,state_protected_area_integral_protection,MONA,MONUMENTO NATURAL ATALAIA (0000.15.3828),0000.15.3828,LEVEL_4
0553.15.4040,PARQUE NATURAL MUNICIPAL DO MORRO DOS VENTOS (0553.15.4040),Parque,municipality_protected_area_integral_protection,46.01,1,"MMA, 2024",60,Brasil,municipality_protected_area_integral_protection,Parque,PARQUE NATURAL MUNICIPAL DO MORRO DOS VENTOS (0553.15.4040),0553.15.4040,LEVEL_4
2202.15.4590,PARQUE NATURAL MUNICIPAL RIO GARRAFÃO (2202.15.4590),Parque,municipality_protected_area_integral_protection,16.84,1,"MMA, 2024",60,Brasil,municipality_protected_area_integral_protection,Parque,PARQUE NATURAL MUNICIPAL RIO GARRAFÃO (2202.15.4590),2202.15.4590,LEVEL_4
1709.15.4588,REFÚGIO DE VIDA SILVESTRE DA ILHA DO CANELA (1709.15.4588),Refúgio de Vida Silvestre,municipality_protected_area_integral_protection,380.02,1,"MMA, 2024",60,Brasil,municipality_protected_area_integral_protection,REVIS,REFÚGIO DE VIDA SILVESTRE DA ILHA DO CANELA (1709.15.4588),1709.15.4588,LEVEL_4
0000.00.2129,RESERVA PARTICULAR DO PATRIMÔNIO NATURAL KLAGESI (0000.00.2129),Reserva Particular do Patrimônio Natural,federal_protected_area_sustainable_use,22.82,1,"MMA, 2024",60,Brasil,federal_protected_area_sustainable_use,RPPN,RESERVA PARTICULAR DO PATRIMÔNIO NATURAL KLAGESI (0000.00.2129),0000.00.2129,LEVEL_4
0000.00.2146,RESERVA PARTICULAR DO PATRIMÔNIO NATURAL OSÓRIO REIMÃO (0000.00.2146),Reserva Particular do Patrimônio Natural,federal_protected_area_sustainable_use,8.88,1,"MMA, 2024",60,Brasil,federal_protected_area_sustainable_use,RPPN,RESERVA PARTICULAR DO PATRIMÔNIO NATURAL OSÓRIO REIMÃO (0000.00.2146),0000.00.2146,LEVEL_4
0000.00.1214,RESERVA PARTICULAR DO PATRIMÔNIO NATURAL FAZENDA PIONEIRA (0000.00.1214),Reserva Particular do Patrimônio Natural,federal_protected_area_sustainable_use,396.48,1,"MMA, 2024",60,Brasil,federal_protected_area_sustainable_use,RPPN,RESERVA PARTICULAR DO PATRIMÔNIO NATURAL FAZENDA PIONEIRA (0000.00.1214),0000.00.1214,LEVEL_4
3903.15.4456,ÁREA  DE PROTEÇÃO AMBIENTAL JARÁ (3903.15.4456),Área de Proteção Ambiental,municipality_protected_area_sustainable_use,4852.92,1,"MMA, 2024",60,Brasil,municipality_protected_area_sustainable_use,APA,ÁREA  DE PROTEÇÃO AMBIENTAL JARÁ (3903.15.4456),3903.15.4456,LEVEL_4
1709.15.4587,REFÚGIO DE VIDA SILVESTRE DA ILHA CHAÚ (1709.15.4587),Refúgio de Vida Silvestre,municipality_protected_area_integral_protection,115.85,1,"MMA, 2024",60,Brasil,municipality_protected_area_integral_protection,REVIS,REFÚGIO DE VIDA SILVESTRE DA ILHA CHAÚ (1709.15.4587),1709.15.4587,LEVEL_4
