,Unnamed: 0,CAR,cond,cidade,Área_Total,Área CAR sob Assen.,PC CAR sob Assen.,Área CAR sob Quil.,PC CAR sob Quil.,Área CAR sob TIs,PC CAR sob TIs,Área CAR sob UCs,PC CAR sob UCs
259,PA-1507300-4B180BB350C64B36AD0F37DE7BFB973E,PA-1507300-4B180BB350C64B36AD0F37DE7BFB973E,Aguardando analise,Sao Felix do Xingu,0.0144974496597405,0.0,0.0,0.0,0.0,0.0,0.0,0.0,0.0
18346,PA-1502764-AEF00622290140268FEF7AEF7318D840,PA-1502764-AEF00622290140268FEF7AEF7318D840,Cancelado por decisao administrativa,Cumaru do Norte,3.94321801845274,0.0,0.0,0.0,0.0,0.0,0.0,0.0,0.0
56439,PA-1505635-52BC2E1414974B76893AE0312F8EC842,PA-1505635-52BC2E1414974B76893AE0312F8EC842,Aguardando analise,Picarra,0.01114857300201,0.0,0.0,0.0,0.0,0.0,0.0,0.0,0.0
56441,PA-1500859-AFE012396A2C4DDFBCC834955E696DDF,PA-1500859-AFE012396A2C4DDFBCC834955E696DDF,Em analise,Anapu,9.451934946748387e-07,0.0,0.0,0.0,0.0,0.0,0.0,0.0,0.0
56444,PA-1505064-3B50F4185EDC40BF979F514EC4A4642E,PA-1505064-3B50F4185EDC40BF979F514EC4A4642E,"Analisado, aguardando atendimento a notificacao",Novo Repartimento,9.600414552940209e-07,0.0,0.0,0.0,0.0,0.0,0.0,0.0,0.0
57480,PA-1502954-15AC10C98E904AC59BF9ADCDA6EF9663,PA-1502954-15AC10C98E904AC59BF9ADCDA6EF9663,"Analisado, aguardando atendimento a notificacao",Eldorado do Carajas,0.0049887656354769,0.0,0.0,0.0,0.0,0.0,0.0,0.0,0.0
57767,PA-1504208-124F043F3D64440CA24554B7B821275F,PA-1504208-124F043F3D64440CA24554B7B821275F,Aguardando analise,Maraba,0.0015151757060232,0.0,0.0,0.0,0.0,0.0,0.0,0.0,0.0
59082,PA-1502954-CFC2907E67B048A1A5A35180C67D1CBF,PA-1502954-CFC2907E67B048A1A5A35180C67D1CBF,Aguardando analise,Eldorado do Carajas,0.0004279859505573,0.0,0.0,0.0,0.0,0.0,0.0,0.0,0.0
59972,PA-1503705-EAF5A5B1E55848EF881D31895BBE9BD0,PA-1503705-EAF5A5B1E55848EF881D31895BBE9BD0,Aguardando analise,Itupiranga,0.0003666037621638,0.0,0.0,0.0,0.0,0.0,0.0,0.0,0.0
80423,PA-1500859-BB07C737B69546A2941A2852B7457E5E,PA-1500859-BB07C737B69546A2941A2852B7457E5E,Aguardando analise,Anapu,0.0002413449752314,0.0,0.0,0.0,0.0,0.0,0.0,0.0,0.0
80424,PA-1500859-5DF97CA0C26C4EE093CD60613FAEB5FE,PA-1500859-5DF97CA0C26C4EE093CD60613FAEB5FE,Aguardando analise,Anapu,0.0001990502201347,0.0,0.0,0.0,0.0,0.0,0.0,0.0,0.0
87476,PA-1505064-E4755F5327D94A2B9D4F33D64F8E6D8C,PA-1505064-E4755F5327D94A2B9D4F33D64F8E6D8C,Aguardando analise,Novo Repartimento,0.013463103687674,0.0,0.0,0.0,0.0,0.0,0.0,0.0,0.0
95401,PA-1504208-576C3BAB294C4294802D7B6E7C404B4B,PA-1504208-576C3BAB294C4294802D7B6E7C404B4B,Aguardando analise,Maraba,0.0007156746445758,0.0,0.0,0.0,0.0,0.0,0.0,0.0,0.0
103479,PA-1505502-AF8461EBFDC34A2AA9B01C601C9F3CBC,PA-1505502-AF8461EBFDC34A2AA9B01C601C9F3CBC,"Analisado, aguardando atendimento a notificacao",Paragominas,0.0148231625534646,0.0,0.0,0.0,0.0,0.0,0.0,0.0,0.0
104526,PA-1500347-4C5AC95370DB484AA8F363A1E7DFF4C7,PA-1500347-4C5AC95370DB484AA8F363A1E7DFF4C7,Cancelado por decisao administrativa,Agua Azul do Norte,0.0280833572443894,0.0,0.0,0.0,0.0,0.0,0.0,0.0,0.0
105259,PA-1504208-88059A24F049448FB513C1474801364F,PA-1504208-88059A24F049448FB513C1474801364F,Aguardando analise,Maraba,0.0013267312424485,0.0,0.0,0.0,0.0,0.0,0.0,0.0,0.0
106438,PA-1504208-F4726ABFFBA24518AFB6DEAF71913FE4,PA-1504208-F4726ABFFBA24518AFB6DEAF71913FE4,Aguardando analise,Maraba,0.029950774104692,0.0,0.0,0.0,0.0,0.0,0.0,0.0,0.0
107779,PA-1507300-76C3A87579C342C1B3D00BCAB497DCE2,PA-1507300-76C3A87579C342C1B3D00BCAB497DCE2,Aguardando analise,Sao Felix do Xingu,0.0014044169606859,0.0,0.0,0.0,0.0,0.0,0.0,0.0,0.0
109849,PA-1507300-87CCE435633542BD8601522684222CB0,PA-1507300-87CCE435633542BD8601522684222CB0,Aguardando analise,Sao Felix do Xingu,0.0005682243786251,0.0,0.0,0.0,0.0,0.0,0.0,0.0,0.0
110020,PA-1507458-FA95AE8F20AA40BC94AAD51EF516DA04,PA-1507458-FA95AE8F20AA40BC94AAD51EF516DA04,Aguardando analise,Sao Geraldo do Araguaia,0.0047381713840132,0.0,0.0,0.0,0.0,0.0,0.0,0.0,0.0
111900,PA-1500602-FA2D9C82024D4D1897B012D5D7BCF1D8,PA-1500602-FA2D9C82024D4D1897B012D5D7BCF1D8,Aguardando analise,Altamira,0.0020000820844739,0.0,0.0,0.0,0.0,0.0,0.0,0.0,0.0
112218,PA-1501758-54CA03CEACE74A3EB3383BB3F52B29A2,PA-1501758-54CA03CEACE74A3EB3383BB3F52B29A2,Aguardando analise,Brejo Grande do Araguaia,0.0074607152732409,0.0,0.0,0.0,0.0,0.0,0.0,0.0,0.0
112924,PA-1507300-71415782929646B38FB4FA680833DD2C,PA-1507300-71415782929646B38FB4FA680833DD2C,Aguardando analise,Sao Felix do Xingu,0.0224450027951728,0.0,0.0,0.0,0.0,0.0,0.0,0.0,0.0
112928,PA-1507300-001AFBD3C09544B6B859DC38DBAE49FB,PA-1507300-001AFBD3C09544B6B859DC38DBAE49FB,Aguardando analise,Sao Felix do Xingu,0.0616555402581433,0.0,0.0,0.0,0.0,0.0,0.0,0.0,0.0
114732,PA-1507300-7CD044E357C94AA187A5DD23CE01F649,PA-1507300-7CD044E357C94AA187A5DD23CE01F649,"Analisado, aguardando atendimento a notificacao",Sao Felix do Xingu,0.0252578090697588,0.0,0.0,0.0,0.0,0.0,0.0,0.0,0.0
114750,PA-1507300-729F5A6654FE409987DA99E775CF9DD9,PA-1507300-729F5A6654FE409987DA99E775CF9DD9,Aguardando analise,Sao Felix do Xingu,0.0308137029334416,0.0,0.0,0.0,0.0,0.0,0.0,0.0,0.0
115136,PA-1507300-C357500C97354EA2BE205879918141A1,PA-1507300-C357500C97354EA2BE205879918141A1,Aguardando analise,Sao Felix do Xingu,0.0356460126779878,0.0,0.0,0.0,0.0,0.0,0.0,0.0,0.0
115137,PA-1507300-77735157EB1F4DAEAEEAB1B069A8F4E1,PA-1507300-77735157EB1F4DAEAEEAB1B069A8F4E1,Aguardando analise,Sao Felix do Xingu,0.0065712061722275,0.0,0.0,0.0,0.0,0.0,0.0,0.0,0.0
115141,PA-1507300-03F1F280BE4C45C2A5F34C2DE92E8454,PA-1507300-03F1F280BE4C45C2A5F34C2DE92E8454,Aguardando analise,Sao Felix do Xingu,0.060503898476591,0.0,0.0,0.0,0.0,0.0,0.0,0.0,0.0
115227,PA-1507300-05A73CAF379D47348E134D3EDC8126F9,PA-1507300-05A73CAF379D47348E134D3EDC8126F9,Aguardando analise,Sao Felix do Xingu,2.1213325991226504,2.1213325991226504,100.0,0.0,0.0,0.0,0.0,2.1213325991226504,100.0
116810,PA-1507300-8384971926A149F5B9720C57C91644E9,PA-1507300-8384971926A149F5B9720C57C91644E9,Aguardando analise,Sao Felix do Xingu,0.0012178865054965,0.0,0.0,0.0,0.0,0.0,0.0,0.0,0.0
118868,PA-1507300-E55EA05B89634C86833F595B9CCE7681,PA-1507300-E55EA05B89634C86833F595B9CCE7681,Aguardando analise,Sao Felix do Xingu,0.0663171658507556,0.0,0.0,0.0,0.0,0.0,0.0,0.0,0.0
119279,PA-1503093-C0FC1D421BF6476B85E7FD7FE7D7ED99,PA-1503093-C0FC1D421BF6476B85E7FD7FE7D7ED99,Aguardando analise,Goianesia do Para,0.0262963566936453,0.0,0.0,0.0,0.0,0.0,0.0,0.0,0.0
121414,PA-1505494-3752B7C7B4654B919108DED3937D44D5,PA-1505494-3752B7C7B4654B919108DED3937D44D5,Aguardando analise,Palestina do Para,0.0068725556085393,0.0,0.0,0.0,0.0,0.0,0.0,0.0,0.0
122367,PA-1503705-0EBDBBABACDE47FFA6DE114332CB5BD5,PA-1503705-0EBDBBABACDE47FFA6DE114332CB5BD5,Aguardando analise,Itupiranga,0.0752944971826186,0.0,0.0,0.0,0.0,0.0,0.0,0.0,0.0
122790,PA-1506708-FC996B3B952144FB8E81970A6B1906B2,PA-1506708-FC996B3B952144FB8E81970A6B1906B2,"Analisado, aguardando atendimento a notificacao",Santana do Araguaia,9.652282348923149e-06,0.0,0.0,0.0,0.0,0.0,0.0,0.0,0.0
122938,PA-1506708-65DCEBD3C7FC48918D156EA7AA80EFA2,PA-1506708-65DCEBD3C7FC48918D156EA7AA80EFA2,"Analisado, aguardando atendimento a notificacao",Santana do Araguaia,7.6779706192358e-06,0.0,0.0,0.0,0.0,0.0,0.0,0.0,0.0
122976,PA-1503705-54F2788B7F974FC9AF2D1678273D588E,PA-1503705-54F2788B7F974FC9AF2D1678273D588E,"Analisado, aguardando atendimento a notificacao",Itupiranga,0.0249173044637444,0.0,0.0,0.0,0.0,0.0,0.0,0.0,0.0
124052,PA-1503457-8B3412141121476DAC5155C06E5C3FA5,PA-1503457-8B3412141121476DAC5155C06E5C3FA5,Aguardando analise,Ipixuna do Para,0.0023937390993191,0.0,0.0,0.0,0.0,0.0,0.0,0.0,0.0
124055,PA-1503457-934D55CE5127422389719EA404DE569F,PA-1503457-934D55CE5127422389719EA404DE569F,Cancelado por decisao administrativa,Ipixuna do Para,0.0026795853129057,0.0,0.0,0.0,0.0,0.0,0.0,0.0,0.0
125786,PA-1506708-849EAC5B4C6E42A9ACCF519B0CED97E3,PA-1506708-849EAC5B4C6E42A9ACCF519B0CED97E3,"Analisado, aguardando atendimento a notificacao",Santana do Araguaia,9.43097244650366e-06,0.0,0.0,0.0,0.0,0.0,0.0,0.0,0.0
126164,PA-1504208-8959CF254602433FABD0A407216A947B,PA-1504208-8959CF254602433FABD0A407216A947B,Aguardando analise,Maraba,0.0128548008567564,0.0,0.0,0.0,0.0,0.0,0.0,0.0,0.0
132507,PA-1505494-A7E213F5368A48B39D9D4F33F9E30B25,PA-1505494-A7E213F5368A48B39D9D4F33F9E30B25,Aguardando analise,Palestina do Para,0.0140618767982563,0.0,0.0,0.0,0.0,0.0,0.0,0.0,0.0
136448,PA-1507300-0B552E31357648AF90F30A89D359D053,PA-1507300-0B552E31357648AF90F30A89D359D053,Aguardando analise,Sao Felix do Xingu,0.0358631536113861,0.0,0.0,0.0,0.0,0.0,0.0,0.0,0.0
136607,PA-1507300-C7AF3E9C7C2A4BBD93C4019B0C24884D,PA-1507300-C7AF3E9C7C2A4BBD93C4019B0C24884D,Aguardando analise,Sao Felix do Xingu,0.0293329825448045,0.0,0.0,0.0,0.0,0.0,0.0,0.0,0.0
158987,PA-1504208-6C8DB3CEB37A4FDAB2FCAAF83DE8226A,PA-1504208-6C8DB3CEB37A4FDAB2FCAAF83DE8226A,Aguardando analise,Maraba,0.0006596245765134,0.0,0.0,0.0,0.0,0.0,0.0,0.0,0.0
171321,PA-1506187-2BEE743311664E4CA2B614EE2C5A86C5,PA-1506187-2BEE743311664E4CA2B614EE2C5A86C5,Aguardando analise,Rondon do Para,0.0011437152984005,0.0,0.0,0.0,0.0,0.0,0.0,0.0,0.0
171323,PA-1506187-5C39C1CD0B83499E814D2FDB8EA6993C,PA-1506187-5C39C1CD0B83499E814D2FDB8EA6993C,Aguardando analise,Rondon do Para,0.0010561726439033,0.0,0.0,0.0,0.0,0.0,0.0,0.0,0.0
171324,PA-1506187-397790B9CD684F78B7361624B1F0BCAA,PA-1506187-397790B9CD684F78B7361624B1F0BCAA,Aguardando analise,Rondon do Para,0.0010476987728215,0.0,0.0,0.0,0.0,0.0,0.0,0.0,0.0
171325,PA-1506187-30A95AE3329A42C9986A0AF9EE1ABA3F,PA-1506187-30A95AE3329A42C9986A0AF9EE1ABA3F,Aguardando analise,Rondon do Para,0.0009262675775165,0.0,0.0,0.0,0.0,0.0,0.0,0.0,0.0
171326,PA-1506187-CF187128BBD447D3A6B23E6060B22DE5,PA-1506187-CF187128BBD447D3A6B23E6060B22DE5,Aguardando analise,Rondon do Para,0.0010279306458502,0.0,0.0,0.0,0.0,0.0,0.0,0.0,0.0
171747,PA-1503705-41027F147C9342868F6140C8FD790F02,PA-1503705-41027F147C9342868F6140C8FD790F02,Aguardando analise,Itupiranga,0.0009588104474062,0.0,0.0,0.0,0.0,0.0,0.0,0.0,0.0
186703,PA-1507805-859DB38E054F4B458DEE8870586B181D,PA-1507805-859DB38E054F4B458DEE8870586B181D,Cancelado por decisao administrativa,Senador Jose Porfirio,10.210075793121964,0.0,0.0,0.0,0.0,0.0,0.0,0.0,0.0
223615,PA-1507300-B4835B0927174354A99BFDE7AFA5C6E8,PA-1507300-B4835B0927174354A99BFDE7AFA5C6E8,Cancelado por decisao administrativa,Sao Felix do Xingu,2.3052831728103462,0.0,0.0,0.0,0.0,0.0,0.0,0.0,0.0
230000,PA-1504208-B8FEE75F737941D5AEF1D13D3CE9319B,PA-1504208-B8FEE75F737941D5AEF1D13D3CE9319B,"Analisado, aguardando atendimento a notificacao",Maraba,0.0373457112722338,0.0,0.0,0.0,0.0,0.0,0.0,0.0,0.0
230172,PA-1505635-10F6F4B84BF047C996B21945A3AAEF32,PA-1505635-10F6F4B84BF047C996B21945A3AAEF32,Aguardando analise,Picarra,0.0091572778803077,0.0,0.0,0.0,0.0,0.0,0.0,0.0,0.0
230174,PA-1502954-2961601F0B214CBDB7744818A19D9BC1,PA-1502954-2961601F0B214CBDB7744818A19D9BC1,"Analisado, aguardando atendimento a notificacao",Eldorado do Carajas,0.0013957843003054,0.0,0.0,0.0,0.0,0.0,0.0,0.0,0.0
231996,PA-1504208-F2A69EA970D54CEDB75BD79510E4071F,PA-1504208-F2A69EA970D54CEDB75BD79510E4071F,"Analisado, aguardando atendimento a notificacao",Maraba,0.0170574749439816,0.0,0.0,0.0,0.0,0.0,0.0,0.0,0.0
232265,PA-1505064-304F78DD43DB4CCF91E8C80E510FFF14,PA-1505064-304F78DD43DB4CCF91E8C80E510FFF14,"Analisado, aguardando atendimento a notificacao",Novo Repartimento,0.000621542684095,0.0,0.0,0.0,0.0,0.0,0.0,0.0,0.0
232697,PA-1502954-7E7938CD4A8845D8899BA81928B0DFE0,PA-1502954-7E7938CD4A8845D8899BA81928B0DFE0,Aguardando analise,Eldorado do Carajas,0.0004051821005533,0.0,0.0,0.0,0.0,0.0,0.0,0.0,0.0
254239,PA-1500859-9F80778475524061A52A854A168AA6CF,PA-1500859-9F80778475524061A52A854A168AA6CF,Aguardando analise,Anapu,0.0001565497063353,0.0,0.0,0.0,0.0,0.0,0.0,0.0,0.0
254285,PA-1500859-F245ED24739F4D70B63A40110841927A,PA-1500859-F245ED24739F4D70B63A40110841927A,"Analisado, aguardando atendimento a notificacao",Anapu,0.0002787015583896,0.0,0.0,0.0,0.0,0.0,0.0,0.0,0.0
254286,PA-1500859-408EC1309DD14A25A2B60366707F467B,PA-1500859-408EC1309DD14A25A2B60366707F467B,Aguardando analise,Anapu,0.0002784186022297,0.0,0.0,0.0,0.0,0.0,0.0,0.0,0.0
254472,PA-1500859-9986E5E8204B42B8960801589026DCE3,PA-1500859-9986E5E8204B42B8960801589026DCE3,Aguardando analise,Anapu,0.0005011608430876,0.0,0.0,0.0,0.0,0.0,0.0,0.0,0.0
275772,PA-1503705-D5092C56178C4DD6B8C0FE4C1AACF810,PA-1503705-D5092C56178C4DD6B8C0FE4C1AACF810,"Analisado, aguardando atendimento a notificacao",Itupiranga,0.0142570929111806,0.0,0.0,0.0,0.0,0.0,0.0,0.0,0.0
278915,PA-1502954-069067A904444F878CE1B724892D3EA5,PA-1502954-069067A904444F878CE1B724892D3EA5,Aguardando analise,Eldorado do Carajas,0.0008561801851659,0.0,0.0,0.0,0.0,0.0,0.0,0.0,0.0
279102,PA-1500347-EC7F6279D0614C709C7F994ED46DB018,PA-1500347-EC7F6279D0614C709C7F994ED46DB018,Cancelado por decisao administrativa,Agua Azul do Norte,0.0036004629481037,0.0,0.0,0.0,0.0,0.0,0.0,0.0,0.0
280530,PA-1507300-B5DA21A5271148CD9546FDA4ED2D9E46,PA-1507300-B5DA21A5271148CD9546FDA4ED2D9E46,Aguardando analise,Sao Felix do Xingu,0.00189216780541,0.0,0.0,0.0,0.0,0.0,0.0,0.0,0.0
281176,PA-1507300-F0B43C728D774DD88A92BB7DEB1F127D,PA-1507300-F0B43C728D774DD88A92BB7DEB1F127D,Aguardando analise,Sao Felix do Xingu,0.0017578073772951,0.0,0.0,0.0,0.0,0.0,0.0,0.0,0.0
281487,PA-1507300-89DA09C7B2714B26A8BCD7A444B52BB0,PA-1507300-89DA09C7B2714B26A8BCD7A444B52BB0,Aguardando analise,Sao Felix do Xingu,0.0041316471481592,0.0,0.0,0.0,0.0,0.0,0.0,0.0,0.0
282144,PA-1505064-B2A65E56F7A1462AAE50EFAAC7B51B5D,PA-1505064-B2A65E56F7A1462AAE50EFAAC7B51B5D,Aguardando analise,Novo Repartimento,0.0005251728407587,0.0,0.0,0.0,0.0,0.0,0.0,0.0,0.0
282395,PA-1507300-C5375E1E2BFC4A569C5A997E5D8C147C,PA-1507300-C5375E1E2BFC4A569C5A997E5D8C147C,Aguardando analise,Sao Felix do Xingu,0.0010828243779165,0.0,0.0,0.0,0.0,0.0,0.0,0.0,0.0
283764,PA-1505502-B10CA0B3CB8144EE932E3837705D59DF,PA-1505502-B10CA0B3CB8144EE932E3837705D59DF,Analisado sem pendencias,Paragominas,0.3755826785514988,0.0,0.0,0.0,0.0,0.0,0.0,0.0,0.0
283881,PA-1500602-7E033BBD6FC54627BCAE107C1086D3D1,PA-1500602-7E033BBD6FC54627BCAE107C1086D3D1,Aguardando analise,Altamira,0.0160060411345074,0.0,0.0,0.0,0.0,0.0,0.0,0.0,0.0
288487,PA-1507300-769017ECC227459499B4AE7DEF2B03C2,PA-1507300-769017ECC227459499B4AE7DEF2B03C2,"Analisado, aguardando atendimento a notificacao",Sao Felix do Xingu,0.0004774481733754,0.0,0.0,0.0,0.0,0.0,0.0,0.0,0.0
288492,PA-1507300-B7B712264FF94CEFBFAF5C6CBED383BA,PA-1507300-B7B712264FF94CEFBFAF5C6CBED383BA,Aguardando analise,Sao Felix do Xingu,0.0350448733382301,0.0,0.0,0.0,0.0,0.0,0.0,0.0,0.0
288827,PA-1507300-62692D7C0088483F9E6E1C122A048EE5,PA-1507300-62692D7C0088483F9E6E1C122A048EE5,Aguardando analise,Sao Felix do Xingu,0.0169388347610917,0.0,0.0,0.0,0.0,0.0,0.0,0.0,0.0
288892,PA-1507300-B68117C6737941698626C510C57D1E8A,PA-1507300-B68117C6737941698626C510C57D1E8A,"Analisado, aguardando atendimento a notificacao",Sao Felix do Xingu,0.005221041486509,0.0,0.0,0.0,0.0,0.0,0.0,0.0,0.0
288896,PA-1507300-C30E7AF7DB0D4A7BA832A5F6C618374F,PA-1507300-C30E7AF7DB0D4A7BA832A5F6C618374F,"Analisado, aguardando atendimento a notificacao",Sao Felix do Xingu,0.1203006452201754,0.0,0.0,0.0,0.0,0.0,0.0,0.0,0.0
290188,PA-1507300-755DC80D4586496CBE35D1123F61F85E,PA-1507300-755DC80D4586496CBE35D1123F61F85E,Aguardando analise,Sao Felix do Xingu,7.727002401149854,0.0,0.0,0.0,0.0,0.0,0.0,7.727002401149854,100.0
290782,PA-1504208-A131B8E3588342608DA18CD61C68AC0B,PA-1504208-A131B8E3588342608DA18CD61C68AC0B,Aguardando analise,Maraba,0.0003098474263108,0.0,0.0,0.0,0.0,0.0,0.0,0.0,0.0
291403,PA-1504208-83F59C7FB1B24420BCFE5E2880D772A0,PA-1504208-83F59C7FB1B24420BCFE5E2880D772A0,Aguardando analise,Maraba,0.0187626777261999,0.0,0.0,0.0,0.0,0.0,0.0,0.0,0.0
292299,PA-1503093-4AC7E247A19D4782BE8328F673A8EF6A,PA-1503093-4AC7E247A19D4782BE8328F673A8EF6A,Aguardando analise,Goianesia do Para,0.0015140057735468,0.0,0.0,0.0,0.0,0.0,0.0,0.0,0.0
293045,PA-1507300-621360022E694457812A369C9E4D4D14,PA-1507300-621360022E694457812A369C9E4D4D14,Aguardando analise,Sao Felix do Xingu,0.0088325145772674,0.0,0.0,0.0,0.0,0.0,0.0,0.0,0.0
293051,PA-1507300-56EE57876BC44F53A78C47D9F8848AA7,PA-1507300-56EE57876BC44F53A78C47D9F8848AA7,Aguardando analise,Sao Felix do Xingu,0.0042800045991585,0.0,0.0,0.0,0.0,0.0,0.0,0.0,0.0
293156,PA-1507300-545BA3BB9895440DBB7B3DF83B915974,PA-1507300-545BA3BB9895440DBB7B3DF83B915974,Aguardando analise,Sao Felix do Xingu,0.006082152464312,0.0,0.0,0.0,0.0,0.0,0.0,0.0,0.0
293181,PA-1507300-62189B2ECAF44864B67BB55946DB7C69,PA-1507300-62189B2ECAF44864B67BB55946DB7C69,Aguardando analise,Sao Felix do Xingu,0.017837185811321,0.0,0.0,0.0,0.0,0.0,0.0,0.0,0.0
293679,PA-1500602-83E597249DBE4B7292ABB70190018B86,PA-1500602-83E597249DBE4B7292ABB70190018B86,"Analisado, aguardando atendimento a notificacao",Altamira,0.0153678843188813,0.0,0.0,0.0,0.0,0.0,0.0,0.0,0.0
295870,PA-1503705-A76FAE62434F4169B4DF6998BCBDE07D,PA-1503705-A76FAE62434F4169B4DF6998BCBDE07D,Aguardando analise,Itupiranga,0.0501930211014233,0.0,0.0,0.0,0.0,0.0,0.0,0.0,0.0
296196,PA-1503457-FCD77FA2B75E45E79948480FB6027FB7,PA-1503457-FCD77FA2B75E45E79948480FB6027FB7,Aguardando analise,Ipixuna do Para,0.0063315293758388,0.0,0.0,0.0,0.0,0.0,0.0,0.0,0.0
296214,PA-1503457-367854FD812A4316ABD93F443EA4D26E,PA-1503457-367854FD812A4316ABD93F443EA4D26E,Aguardando analise,Ipixuna do Para,0.0055401062610126,0.0,0.0,0.0,0.0,0.0,0.0,0.0,0.0
296221,PA-1503457-DC7ABF1055EE4F528B154125836729F5,PA-1503457-DC7ABF1055EE4F528B154125836729F5,Aguardando analise,Ipixuna do Para,0.0031654663177244,0.0,0.0,0.0,0.0,0.0,0.0,0.0,0.0
296543,PA-1507201-06F898A64BFF41ECAB6D835D1D1806AD,PA-1507201-06F898A64BFF41ECAB6D835D1D1806AD,Aguardando analise,Sao Domingos do Capim,0.0588646806388363,0.0,0.0,0.0,0.0,0.0,0.0,0.0,0.0
296545,PA-1507201-A9CC088E96CB4B22B5E48572D684BF24,PA-1507201-A9CC088E96CB4B22B5E48572D684BF24,Aguardando analise,Sao Domingos do Capim,0.0125989988243289,0.0,0.0,0.0,0.0,0.0,0.0,0.0,0.0
296548,PA-1507201-3C508899632548B8B1C754B2D593A5BE,PA-1507201-3C508899632548B8B1C754B2D593A5BE,Aguardando analise,Sao Domingos do Capim,0.0418381288117032,0.0,0.0,0.0,0.0,0.0,0.0,0.0,0.0
296575,PA-1507201-4B864793EEF04B52BB4DB66E5BD515FD,PA-1507201-4B864793EEF04B52BB4DB66E5BD515FD,Aguardando analise,Sao Domingos do Capim,0.0045478588386056,0.0,0.0,0.0,0.0,0.0,0.0,0.0,0.0
298348,PA-1507300-34504EBA9983492692161D6D5CB5BC7B,PA-1507300-34504EBA9983492692161D6D5CB5BC7B,Aguardando analise,Sao Felix do Xingu,0.0156621308319005,0.0,0.0,0.0,0.0,0.0,0.0,0.0,0.0
299387,PA-1507300-6C9516ECD09442B28E305D717AE1437E,PA-1507300-6C9516ECD09442B28E305D717AE1437E,Aguardando analise,Sao Felix do Xingu,0.0086139825187555,0.0,0.0,0.0,0.0,0.0,0.0,0.0,0.0
300027,PA-1504208-863013E58A6743788DDAB908F80FA51F,PA-1504208-863013E58A6743788DDAB908F80FA51F,Aguardando analise,Maraba,0.038790191691147,0.0,0.0,0.0,0.0,0.0,0.0,0.0,0.0
300950,PA-1500602-A003F41115EF4CB4B9EBD84518844882,PA-1500602-A003F41115EF4CB4B9EBD84518844882,Aguardando analise,Altamira,0.0169162767610257,0.0,0.0,0.0,0.0,0.0,0.0,0.0,0.0
300994,PA-1500602-488C7C1291F0438399A496F094A756C7,PA-1500602-488C7C1291F0438399A496F094A756C7,Aguardando analise,Altamira,0.1372971498791053,0.0,0.0,0.0,0.0,0.0,0.0,0.0,0.0
302013,PA-1506583-EAE3CA8F0C3D43B4BA58DEF03CE0534D,PA-1506583-EAE3CA8F0C3D43B4BA58DEF03CE0534D,Aguardando analise,Santa Maria das Barreiras,2.1364870069766334e-05,0.0,0.0,0.0,0.0,0.0,0.0,0.0,0.0
305280,PA-1507300-02D1F64CEED149CB9120C46D36FF0FAE,PA-1507300-02D1F64CEED149CB9120C46D36FF0FAE,Aguardando analise,Sao Felix do Xingu,0.0183591461080897,0.0,0.0,0.0,0.0,0.0,0.0,0.0,0.0
309428,PA-1507300-DCE309BD77394EA8AEA038401F192810,PA-1507300-DCE309BD77394EA8AEA038401F192810,Aguardando analise,Sao Felix do Xingu,0.0905336318362339,0.0,0.0,0.0,0.0,0.0,0.0,0.0,0.0
309430,PA-1507300-0A17CE025737425980787ECA6B52BD31,PA-1507300-0A17CE025737425980787ECA6B52BD31,Aguardando analise,Sao Felix do Xingu,0.0042522760573744,0.0,0.0,0.0,0.0,0.0,0.0,0.0,0.0
310458,PA-1500602-5C7CAD8BE9D042C3BC1A46638C446ECF,PA-1500602-5C7CAD8BE9D042C3BC1A46638C446ECF,Aguardando analise,Altamira,0.0511319882288915,0.0,0.0,0.0,0.0,0.0,0.0,0.0,0.0
314574,PA-1508084-46DCFC1C67A441989FC34B814D0E5998,PA-1508084-46DCFC1C67A441989FC34B814D0E5998,Aguardando analise,Tucuma,0.0576489245128183,0.0,0.0,0.0,0.0,0.0,0.0,0.0,0.0
326420,PA-1502707-45C57833A720482199E3F77F5EC8D118,PA-1502707-45C57833A720482199E3F77F5EC8D118,"Analisado, aguardando atendimento a notificacao",Conceicao do Araguaia,1.9706296513744872,0.0,0.0,0.0,0.0,0.0,0.0,0.0,0.0
328509,PA-1507300-5258DCB114B046A9BA51DD687C70C30F,PA-1507300-5258DCB114B046A9BA51DD687C70C30F,Aguardando analise,Sao Felix do Xingu,0.000202339318056,0.0,0.0,0.0,0.0,0.0,0.0,0.0,0.0
332972,PA-1504208-0C25FE3BA79244DC9BA37B4375F903D7,PA-1504208-0C25FE3BA79244DC9BA37B4375F903D7,Aguardando analise,Maraba,0.0006849079384129,0.0,0.0,0.0,0.0,0.0,0.0,0.0,0.0
345237,PA-1506187-455F75B148174F34BEF9A062878AAFB8,PA-1506187-455F75B148174F34BEF9A062878AAFB8,Aguardando analise,Rondon do Para,0.0011747789054351,0.0,0.0,0.0,0.0,0.0,0.0,0.0,0.0
345897,PA-1506187-CA5218C91FBE43D0B2868F3BC4795253,PA-1506187-CA5218C91FBE43D0B2868F3BC4795253,Aguardando analise,Rondon do Para,0.000762475298694,0.0,0.0,0.0,0.0,0.0,0.0,0.0,0.0
345899,PA-1506187-6A4AE13BA5F946D5906ED0CA2F80D307,PA-1506187-6A4AE13BA5F946D5906ED0CA2F80D307,Aguardando analise,Rondon do Para,0.0008387238436004,0.0,0.0,0.0,0.0,0.0,0.0,0.0,0.0
